{"employee1":{"name":"Bob","lastname":"Smith","annual":60050,"gross":5004,"tax":671,"net":4082,"super":450,"pay":632,"id":1},"employee2":{"name":"Lusi","lastname":"Ferro","annual":60050,"gross":5004,"tax":671,"net":4082,"super":450,"pay":632,"id":2},"employee3":{"name":"Cabola","lastname":"Rapso","annual":60050,"gross":5004,"tax":671,"net":4082,"super":450,"pay":632,"id":3},"employee4":{"name":"Lora","lastname":"Tere","annual":60050,"gross":5004,"tax":671,"net":4082,"super":450,"pay":632,"id":4},"employee5":{"name":"asdf","lastname":"dafd","annual":"345345","gross":"28778.75","tax":"10746.020833333334","net":"18032.729166666664","super":"1151.15","pay":"16881.579166666663","id":5},"employee6":{"name":"Bill","lastname":"Smith","annual":"996950","gross":"83079.16666666667","tax":"35181.208333333336","net":"47897.958333333336","super":"2492.375","pay":"45405.583333333336","id":6},"employee7":{"name":"serer","lastname":"3434","annual":"45566","gross":"3797","tax":"529","net":"3268","super":"113","pay":"3155","id":7},"employee8":{"name":"Bor","lastname":"Ter","annual":"994848","gross":"82904","tax":"35102","net":"47802","super":"3647","pay":"44155","id":8},"employee9":{"name":"dfg","lastname":"dfg","annual":"34344","gross":"2862","tax":"255","net":"2607","super":"12707","pay":"-10100","id":9},"employee10":{"name":"Jack","lastname":"London","annual":"993888","gross":"82824","tax":"35066","net":"47758","super":"5714","pay":"42044","id":10}}